{
    "$schema": "https://schema.management.azure.com/schemas/2015-01-01/deploymentParameters.json#",
    "contentVersion": "1.0.0.0",
    "parameters": {
        "location": {
            "value": "uksouth"
        },
        "networkInterfaceName": {
            "value": "myasrvm539"
        },
        "enableAcceleratedNetworking": {
            "value": true
        },
        "networkSecurityGroupName": {
            "value": "myasrvm-nsg"
        },
        "networkSecurityGroupRules": {
            "value": [
                {
                    "name": "RDP",
                    "properties": {
                        "priority": 300,
                        "protocol": "TCP",
                        "access": "Allow",
                        "direction": "Inbound",
                        "sourceAddressPrefix": "*",
                        "sourcePortRange": "*",
                        "destinationAddressPrefix": "*",
                        "destinationPortRange": "3389"
                    }
                }
            ]
        },
        "subnetName": {
            "value": "Sub-prod-01"
        },
        "virtualNetworkId": {
            "value": "/subscriptions/12f61549-9674-4fc1-b79b-baa2e31ceecf/resourceGroups/alf-mgmt-paas/providers/Microsoft.Network/virtualNetworks/Prod-vnet"
        },
        "publicIpAddressName": {
            "value": "myasrvm-ip"
        },
        "publicIpAddressType": {
            "value": "Dynamic"
        },
        "publicIpAddressSku": {
            "value": "Basic"
        },
        "pipDeleteOption": {
            "value": "Detach"
        },
        "virtualMachineName": {
            "value": "myasrvm"
        },
        "virtualMachineComputerName": {
            "value": "myasrvm"
        },
        "virtualMachineRG": {
            "value": "alf-mgmt-paas"
        },
        "osDiskType": {
            "value": "Premium_LRS"
        },
        "osDiskDeleteOption": {
            "value": "Delete"
        },
        "virtualMachineSize": {
            "value": "Standard_E2bs_v5"
        },
        "nicDeleteOption": {
            "value": "Detach"
        },
        "adminUsername": {
            "value": "wsadmin"
        },
        "adminPassword": {
            "value": null
        },
        "patchMode": {
            "value": "AutomaticByOS"
        },
        "enableHotpatching": {
            "value": false
        },
        "siteRecoveryVaultName": {
            "value": "rsv-asr-gwc"
        },
        "siteRecoveryRecoveryLocation": {
            "value": "germanywestcentral"
        },
        "siteRecoveryTargetResourceGroupName": {
            "value": "alf-mgmt-paas-asr"
        },
        "siteRecoveryVaultRGName": {
            "value": "dr-rg"
        },
        "siteRecoveryIntentName": {
            "value": "myasrvm06011838"
        },
        "siteRecoveryRecoveryResourceGroupId": {
            "value": "/subscriptions/12f61549-9674-4fc1-b79b-baa2e31ceecf/resourceGroups/alf-mgmt-paas-asr"
        },
        "siteRecoveryVaultRGIsNew": {
            "value": false
        },
        "siteRecoverySubscriptionId": {
            "value": "12f61549-9674-4fc1-b79b-baa2e31ceecf"
        },
        "siteRecoveryAvailabilityType": {
            "value": "Single"
        },
        "siteRecoveryPolicyName": {
            "value": "ALF-24-hour-retention-policy"
        },
        "protectionProfileId": {
            "value": "/Subscriptions/12f61549-9674-4fc1-b79b-baa2e31ceecf/resourceGroups/dr-rg/providers/Microsoft.RecoveryServices/vaults/rsv-asr-gwc/replicationPolicies/ALF-24-hour-retention-policy"
        },
        "siteRecoveryPolicyIsNew": {
            "value": "Existing"
        },
        "siteRecoveryCrashConsistentFrequencyInMinutes": {
            "value": 5
        },
        "siteRecoveryAppConsistentFrequencyInMinutes": {
            "value": 0
        },
        "siteRecoveryMultiVmSyncStatus": {
            "value": "Enable"
        },
        "siteRecoveryRecoveryPointHistory": {
            "value": 1440
        },
        "siteRecoveryVaultIsNew": {
            "value": false
        }
    }
}