{
    "$schema": "http://schema.management.azure.com/schemas/2015-01-01/deploymentTemplate.json#",
    "contentVersion": "1.0.0.0",
    "parameters": {
        "location": {
            "type": "string"
        },
        "networkInterfaceName": {
            "type": "string"
        },
        "enableAcceleratedNetworking": {
            "type": "bool"
        },
        "networkSecurityGroupName": {
            "type": "string"
        },
        "networkSecurityGroupRules": {
            "type": "array"
        },
        "subnetName": {
            "type": "string"
        },
        "virtualNetworkId": {
            "type": "string"
        },
        "publicIpAddressName": {
            "type": "string"
        },
        "publicIpAddressType": {
            "type": "string"
        },
        "publicIpAddressSku": {
            "type": "string"
        },
        "pipDeleteOption": {
            "type": "string"
        },
        "virtualMachineName": {
            "type": "string"
        },
        "virtualMachineComputerName": {
            "type": "string"
        },
        "virtualMachineRG": {
            "type": "string"
        },
        "osDiskType": {
            "type": "string"
        },
        "osDiskDeleteOption": {
            "type": "string"
        },
        "virtualMachineSize": {
            "type": "string"
        },
        "nicDeleteOption": {
            "type": "string"
        },
        "adminUsername": {
            "type": "string"
        },
        "adminPassword": {
            "type": "secureString"
        },
        "patchMode": {
            "type": "string"
        },
        "enableHotpatching": {
            "type": "bool"
        },
        "siteRecoveryVaultName": {
            "type": "string"
        },
        "siteRecoveryRecoveryLocation": {
            "type": "string"
        },
        "siteRecoveryTargetResourceGroupName": {
            "type": "string"
        },
        "siteRecoveryVaultRGName": {
            "type": "string"
        },
        "siteRecoveryIntentName": {
            "type": "string"
        },
        "siteRecoveryRecoveryResourceGroupId": {
            "type": "string"
        },
        "siteRecoveryVaultRGIsNew": {
            "type": "bool"
        },
        "siteRecoverySubscriptionId": {
            "type": "string"
        },
        "siteRecoveryAvailabilityType": {
            "type": "string"
        },
        "siteRecoveryPolicyName": {
            "type": "string"
        },
        "protectionProfileId": {
            "type": "string"
        },
        "siteRecoveryPolicyIsNew": {
            "type": "string"
        },
        "siteRecoveryCrashConsistentFrequencyInMinutes": {
            "type": "int"
        },
        "siteRecoveryAppConsistentFrequencyInMinutes": {
            "type": "int"
        },
        "siteRecoveryMultiVmSyncStatus": {
            "type": "string"
        },
        "siteRecoveryRecoveryPointHistory": {
            "type": "int"
        },
        "siteRecoveryVaultIsNew": {
            "type": "bool"
        }
    },
    "variables": {
        "nsgId": "[resourceId(resourceGroup().name, 'Microsoft.Network/networkSecurityGroups', parameters('networkSecurityGroupName'))]",
        "vnetId": "[parameters('virtualNetworkId')]",
        "vnetName": "[last(split(variables('vnetId'), '/'))]",
        "subnetRef": "[concat(variables('vnetId'), '/subnets/', parameters('subnetName'))]"
    },
    "resources": [
        {
            "name": "[parameters('networkInterfaceName')]",
            "type": "Microsoft.Network/networkInterfaces",
            "apiVersion": "2021-03-01",
            "location": "[parameters('location')]",
            "dependsOn": [
                "[concat('Microsoft.Network/networkSecurityGroups/', parameters('networkSecurityGroupName'))]",
                "[concat('Microsoft.Network/publicIpAddresses/', parameters('publicIpAddressName'))]"
            ],
            "properties": {
                "ipConfigurations": [
                    {
                        "name": "ipconfig1",
                        "properties": {
                            "subnet": {
                                "id": "[variables('subnetRef')]"
                            },
                            "privateIPAllocationMethod": "Dynamic",
                            "publicIpAddress": {
                                "id": "[resourceId(resourceGroup().name, 'Microsoft.Network/publicIpAddresses', parameters('publicIpAddressName'))]",
                                "properties": {
                                    "deleteOption": "[parameters('pipDeleteOption')]"
                                }
                            }
                        }
                    }
                ],
                "enableAcceleratedNetworking": "[parameters('enableAcceleratedNetworking')]",
                "networkSecurityGroup": {
                    "id": "[variables('nsgId')]"
                }
            }
        },
        {
            "name": "[parameters('networkSecurityGroupName')]",
            "type": "Microsoft.Network/networkSecurityGroups",
            "apiVersion": "2019-02-01",
            "location": "[parameters('location')]",
            "properties": {
                "securityRules": "[parameters('networkSecurityGroupRules')]"
            }
        },
        {
            "name": "[parameters('publicIpAddressName')]",
            "type": "Microsoft.Network/publicIpAddresses",
            "apiVersion": "2020-08-01",
            "location": "[parameters('location')]",
            "properties": {
                "publicIpAllocationMethod": "[parameters('publicIpAddressType')]"
            },
            "sku": {
                "name": "[parameters('publicIpAddressSku')]"
            }
        },
        {
            "name": "[parameters('virtualMachineName')]",
            "type": "Microsoft.Compute/virtualMachines",
            "apiVersion": "2021-07-01",
            "location": "[parameters('location')]",
            "dependsOn": [
                "[concat('Microsoft.Network/networkInterfaces/', parameters('networkInterfaceName'))]"
            ],
            "properties": {
                "hardwareProfile": {
                    "vmSize": "[parameters('virtualMachineSize')]"
                },
                "storageProfile": {
                    "osDisk": {
                        "createOption": "fromImage",
                        "managedDisk": {
                            "storageAccountType": "[parameters('osDiskType')]"
                        },
                        "deleteOption": "[parameters('osDiskDeleteOption')]"
                    },
                    "imageReference": {
                        "publisher": "MicrosoftWindowsServer",
                        "offer": "WindowsServer",
                        "sku": "2016-datacenter-gensecond",
                        "version": "latest"
                    }
                },
                "networkProfile": {
                    "networkInterfaces": [
                        {
                            "id": "[resourceId('Microsoft.Network/networkInterfaces', parameters('networkInterfaceName'))]",
                            "properties": {
                                "deleteOption": "[parameters('nicDeleteOption')]"
                            }
                        }
                    ]
                },
                "osProfile": {
                    "computerName": "[parameters('virtualMachineComputerName')]",
                    "adminUsername": "[parameters('adminUsername')]",
                    "adminPassword": "[parameters('adminPassword')]",
                    "windowsConfiguration": {
                        "enableAutomaticUpdates": true,
                        "provisionVmAgent": true,
                        "patchSettings": {
                            "enableHotpatching": "[parameters('enableHotpatching')]",
                            "patchMode": "[parameters('patchMode')]"
                        }
                    }
                },
                "diagnosticsProfile": {
                    "bootDiagnostics": {
                        "enabled": true
                    }
                }
            }
        },
        {
            "apiVersion": "2020-06-01",
            "name": "[concat(parameters('virtualMachineName'), '-' , 'SiteRecoveryIntent')]",
            "type": "Microsoft.Resources/deployments",
            "resourceGroup": "[parameters('siteRecoveryVaultRGName')]",
            "subscriptionId": "[parameters('siteRecoverySubscriptionId')]",
            "properties": {
                "mode": "Incremental",
                "template": {
                    "$schema": "https://schema.management.azure.com/schemas/2015-01-01/deploymentTemplate.json#",
                    "contentVersion": "1.0.0.0",
                    "resources": [
                        {
                            "name": "[concat(parameters('siteRecoveryVaultName'), '/', parameters('siteRecoveryIntentName'))]",
                            "apiVersion": "2021-08-01",
                            "type": "Microsoft.RecoveryServices/vaults/replicationProtectionIntents",
                            "properties": {
                                "providerSpecificDetails": {
                                    "instanceType": "A2A",
                                    "fabricObjectId": "[resourceId(parameters('virtualMachineRG'), 'Microsoft.Compute/virtualMachines', parameters('virtualMachineName'))]",
                                    "primaryLocation": "[parameters('location')]",
                                    "recoveryLocation": "[parameters('siteRecoveryRecoveryLocation')]",
                                    "recoverySubscriptionId": "[parameters('siteRecoverySubscriptionId')]",
                                    "recoveryAvailabilityType": "[parameters('siteRecoveryAvailabilityType')]",
                                    "recoveryResourceGroupId": "[parameters('siteRecoveryRecoveryResourceGroupId')]",
                                    "autoProtectionOfDataDisk": "Enabled",
                                    "protectionProfileCustomInput": {
                                        "resourceType": "[parameters('siteRecoveryPolicyIsNew')]",
                                        "protectionProfileId": "[parameters('protectionProfileId')]"
                                    }
                                }
                            }
                        }
                    ]
                }
            },
            "dependsOn": [
                "[resourceId(parameters('virtualMachineRG'), 'Microsoft.Compute/virtualMachines', parameters('virtualMachineName'))]"
            ]
        }
    ],
    "outputs": {
        "adminUsername": {
            "type": "string",
            "value": "[parameters('adminUsername')]"
        }
    }
}